domain,first_processed_at,last_processed_at,company_name
buttahskin.com,2026-01-22T17:34:17.807166,2026-01-22T17:34:17.807166,Buttah Skin
sweetgranada.com,2026-01-22T17:35:44.550056,2026-01-22T17:35:44.550056,The Sweet Granada
quora.com,2026-01-22T17:37:32.114164,2026-01-22T17:37:32.114164,Quora
kateweiserchocolate.com,2026-01-22T17:39:17.939033,2026-01-22T17:39:17.939033,Kate Weiser Chocolate
moonlightbrewing.com,2026-01-23T08:23:54.834865,2026-01-23T08:23:54.834865,Moonlight Brewing
deltacowebstore.com,2026-01-24T08:48:29.248345,2026-01-24T08:48:29.248345,Del Taco
simplygum.com,2026-01-24T08:50:18.269916,2026-01-24T08:50:18.269916,Simply Gum
fujibikes.com,2026-01-24T08:51:44.887826,2026-01-24T08:51:44.887826,Fuji Bikes USA
armcare.com,2026-01-24T08:52:58.833912,2026-01-24T08:52:58.833912,ArmCare.com
mymokacoffee.com,2026-01-24T08:54:23.115995,2026-01-24T08:54:23.115995,MOKA Coffee
spiceandtea.com,2026-01-24T08:56:31.817662,2026-01-24T08:56:31.817662,The Spice & Tea Exchange
apps.apple.com,2026-01-24T08:57:38.312208,2026-01-24T08:57:38.312208,Shop
ballast1903.com,2026-01-24T08:58:47.042622,2026-01-24T08:58:47.042622,Ballast Time
store.hoyt.com,2026-01-24T09:00:30.044587,2026-01-24T09:00:30.044587,Hoyt Archery
fresbemcoffee.com,2026-01-24T09:01:41.323494,2026-01-24T09:01:41.323494,Ethiopia Single Origin Coffee
shop.thespicyshark.com,2026-01-24T09:02:55.843957,2026-01-24T09:02:55.843957,The Spicy Shark
crockettcoffee.com,2026-01-24T09:04:56.256663,2026-01-24T09:04:56.256663,Crockett Coffee
theprimehousedirect.com,2026-01-24T09:07:22.064218,2026-01-24T09:07:22.064218,The Prime House Direct
krochetkids.com,2026-01-24T09:08:35.512559,2026-01-24T09:08:35.512559,Krochet Kids intl.
yao.com.do,2026-01-24T09:10:34.806458,2026-01-24T09:10:34.806458,Adidas
foxandscout.com.au,2026-01-24T09:11:45.276960,2026-01-24T09:11:45.276960,FOX AND SCOUT
catalinbread.com,2026-01-24T09:13:23.224157,2026-01-24T09:13:23.224157,Catalinbread
clozex.com,2026-01-24T09:14:36.418139,2026-01-24T09:14:36.418139,"Clozex Medical, Inc."
marhoandco.com.au,2026-01-24T09:15:53.739740,2026-01-24T09:15:53.739740,KLUE
urbanista.com,2026-01-24T09:17:18.389352,2026-01-24T09:17:18.389352,Urbanista
afterbite.com,2026-01-24T09:18:20.550367,2026-01-24T09:18:20.550367,After Bite
fierotequila.com,2026-01-24T09:19:40.129074,2026-01-24T09:19:40.129074,Fiero Tequila
thebalm.com,2026-01-24T09:21:34.721448,2026-01-24T09:21:34.721448,theBalm
vandykecoffeeroasters.com,2026-01-24T09:22:32.639886,2026-01-24T09:22:32.639886,Van Dyke Coffee Roasters
anniebs.com,2026-01-24T09:23:50.437230,2026-01-24T09:23:50.437230,Annie B's Candy
thetrueorganics.com,2026-01-24T09:25:33.261511,2026-01-24T09:25:33.261511,True Organic
sachfoods.com,2026-01-24T09:29:27.634328,2026-01-24T09:29:27.634328,Sach Foods
shop.burnettdairy.com,2026-01-24T09:32:04.962537,2026-01-24T09:32:04.962537,Giftboxes
buckscountybiscotti.com,2026-01-24T09:33:31.180952,2026-01-24T09:33:31.180952,Bucks County Biscotti
jackrogersusa.com,2026-01-24T09:35:18.063448,2026-01-24T09:35:18.063448,Jack Rogers
ecdlax.com,2026-01-24T09:37:23.206366,2026-01-24T09:37:23.206366,ECD Lacrosse
outcastboats.com,2026-01-24T09:40:34.565122,2026-01-24T09:40:34.565122,OSG
drinkade.com,2026-01-24T09:42:48.355321,2026-01-24T09:42:48.355321,DrinkAde
lightslacquer.com,2026-01-24T09:44:28.906958,2026-01-24T09:44:28.906958,Black Magic Nail Tattoos
avaofnorway.com,2026-01-24T09:46:46.098129,2026-01-24T09:46:46.098129,AVA of Norway
roguepanda.com,2026-01-24T09:48:06.533681,2026-01-24T09:48:06.533681,RoguePandaDesigns
horizonfitness.com,2026-01-24T09:53:52.105417,2026-01-24T09:53:52.105417,Horizon Fitness
ship.erewhon.com,2026-01-24T09:55:37.379074,2026-01-24T09:55:37.379074,Erewhon
inovativ.com,2026-01-24T09:58:47.649123,2026-01-24T09:58:47.649123,INOVATIV
beaumontbrown.com,2026-01-24T10:00:09.089365,2026-01-24T10:00:09.089365,Beaumont
shopify.com,2026-01-24T10:05:44.824737,2026-01-24T10:05:44.824737,Shopify
systemls.com,2026-01-24T10:12:01.662182,2026-01-24T10:12:01.662182,system-ls
avaianutrition.com,2026-01-24T10:13:31.341508,2026-01-24T10:13:31.341508,Avaia Nutrition
themeforest.net,2026-01-24T10:19:06.903697,2026-01-24T10:19:06.903697,ThemeForest
templatemonster.com,2026-01-24T10:20:52.342619,2026-01-24T10:20:52.342619,Ap Aprin
apollotheme.com,2026-01-24T10:22:48.841992,2026-01-24T10:22:48.841992,Ap Aprin
idealschoolqatar.com,2026-01-24T10:25:41.770564,2026-01-24T10:25:41.770564,PC Organics
riyasnails.com,2026-01-24T10:26:51.860290,2026-01-24T10:26:51.860290,Riya's Nails
davidscookies.com,2026-01-24T10:29:10.252892,2026-01-24T10:29:10.252892,David's Cookies
peteespie.com,2026-01-24T10:30:28.695203,2026-01-24T10:30:28.695203,peteespies
stowawaysweets.com,2026-01-24T10:34:44.241012,2026-01-24T10:34:44.241012,Stowaway Sweets
metropolismag.com,2026-01-24T10:36:40.556671,2026-01-24T10:36:40.556671,DONAR
thehyppo.com,2026-01-24T10:40:12.540258,2026-01-24T10:40:12.540258,The Hyppo Gourmet
facebook.com,2026-01-24T10:44:53.416877,2026-01-24T10:44:53.416877,Fitrx
born2invest.com,2026-01-24T10:46:05.829066,2026-01-24T10:46:05.829066,Bowflex
ubuy.com.ph,2026-01-24T11:05:26.102803,2026-01-24T11:05:26.102803,Ubuy
ubuy.com.zm,2026-01-24T11:06:58.667826,2026-01-24T11:06:58.667826,Ubuy
antoniosbanquet.com,2026-01-24T11:16:33.892602,2026-01-24T11:16:33.892602,Razer
trexoutdoorfurniture.valuecom.com,2026-01-24T11:18:47.318471,2026-01-24T11:18:47.318471,Trex Outdoor Furniture
thebotanistdubai.com,2026-01-24T11:20:10.087080,2026-01-24T11:20:10.087080,The Botanist Dubai
superdeal.com.sg,2026-01-24T11:21:05.793151,2026-01-24T11:21:05.793151,Outdoor Furniture Online Store Singapore
couponbind.com,2026-01-24T11:36:41.544204,2026-01-24T11:36:41.544204,Alex's Low Acid Organic Coffee
domainowl.ai,2026-01-24T11:38:34.839527,2026-01-24T11:38:34.839527,DomainOwl
northspore.com,2026-01-24T11:44:16.022931,2026-01-24T11:44:16.022931,The BlocksBox
zepto.com,2026-01-24T11:48:40.665736,2026-01-24T11:48:40.665736,Apex
estacaoboliche.com.br,2026-01-24T11:50:11.221273,2026-01-24T11:50:11.221273,Stranger Things
